Descrição,Len X,Len Y,LCS,Tempo DP,Mem DP,Tempo Rec,Mem Rec,Chamadas Rec
Pequeno (6 chars),6,6,ADH,0.00013199998647905886,0.001811981201171875,0.00013080000644549727,0.0001239776611328125,0
Pequeno (7 chars),6,7,GTAB,0.00011189997894689441,0.0022401809692382812,5.1799986977130175e-05,8.487701416015625e-05,0
Médio (30 chars),29,28,GTCGTCGGAAGCCGGCCGAA,0.0010761000157799572,0.010136604309082031,N/A,N/A,N/A
Grande (35 chars),35,35,TAGACATAGATACAGATACA,0.0015407000028062612,0.014180183410644531,N/A,N/A,N/A
