N,Num Solucoes BT,Tempo BT (s),Mem BT (MB),Tempo Guloso (s),Mem Guloso (MB),Guloso Valido,Razao Tempo (BT/Guloso)
4,2,9.380001574754715e-05,0.00055694580078125,6.160000339150429e-05,0.00046539306640625,True,1.522727444532638
5,10,0.00023820000933483243,0.001434326171875,6.049999501556158e-05,0.0004730224609375,True,3.9371905613143197
6,4,0.0008937999955378473,0.00086212158203125,0.0003966000222135335,0.0005340576171875,True,2.253655939173438
7,40,0.004550700017716736,0.0050506591796875,0.00011660001473501325,0.00048828125,True,39.028297106640316
8,92,0.02144159999443218,0.01174163818359375,0.0010636000079102814,0.00054931640625,True,20.159458287857458
9,352,0.11302540000178851,0.04620361328125,0.0007871999987401068,0.000579833984375,True,143.57901445970876
10,724,0.6299351999768987,0.10028839111328125,0.00022689998149871826,0.00057220458984375,True,2776.268185726834
11,2680,3.901538200007053,0.3906707763671875,0.006801700015785173,0.00063323974609375,True,573.6122132632262
12,14200,28.284579800005304,2.1748275756835938,0.01069280001684092,0.000640869140625,True,2645.1986154662695
