N,Num Solucoes BT,Tempo BT (s),Mem BT (MB),Tempo Guloso Simples (s),Mem Guloso Simples (MB),Guloso Simples Valido,Tempo Guloso Restart (s),Mem Guloso Restart (MB),Guloso Restart Valido
4,2,9.180000051856041e-05,0.00055694580078125,3.709999145939946e-05,0.0003204345703125,False,8.040000102482736e-05,0.000518798828125,True
5,10,0.00023239999427460134,0.001434326171875,3.960001049563289e-05,0.00032806396484375,True,6.19000056758523e-05,0.0004730224609375,True
6,4,0.001121300010709092,0.00086212158203125,9.099999442696571e-05,0.000335693359375,False,0.001048100006300956,0.0005340576171875,True
7,40,0.0037509000103455037,0.0050506591796875,6.150000263005495e-05,0.00034332275390625,False,9.369998588226736e-05,0.00048828125,True
8,92,0.023744900012388825,0.01174163818359375,0.00010420000762678683,0.0003509521484375,False,0.001104399998439476,0.00054931640625,True
9,352,0.11853570002131164,0.04620361328125,0.0001328999933321029,0.00035858154296875,False,0.0003910000086762011,0.000579833984375,True
10,724,0.6410725000023376,0.10028839111328125,0.00018350000027567148,0.0003662109375,False,0.00979049998568371,0.0006256103515625,True
11,2680,3.7054111000034027,0.3906707763671875,0.0002887000155169517,0.00037384033203125,False,0.0040351999923586845,0.00063323974609375,True
12,14200,27.58164819999365,2.1748275756835938,0.0003339000104460865,0.0003814697265625,False,0.02396520000183955,0.000640869140625,True
