N,Num Solucoes BT,Tempo BT (s),Mem BT (MB),Tempo Guloso Simples (s),Mem Guloso Simples (MB),Guloso Simples Valido,Tempo Guloso Restart (s),Mem Guloso Restart (MB),Guloso Restart Valido
4,2,0.00015440001152455807,0.00055694580078125,0.00018510001245886087,0.0003204345703125,False,0.0001052000152412802,0.00046539306640625,True
5,10,0.0002875999780371785,0.001434326171875,6.649998249486089e-05,0.00032806396484375,True,0.00011160000576637685,0.0004730224609375,True
6,4,0.001141699991421774,0.00086212158203125,7.71000050008297e-05,0.000335693359375,False,0.00011330001871101558,0.00048065185546875,True
7,40,0.004203399992547929,0.0050506591796875,0.00011059999815188348,0.00034332275390625,False,0.00012879999121651053,0.00048828125,True
8,92,0.02257659999304451,0.01174163818359375,0.00013189998571760952,0.0003509521484375,False,0.004974299983587116,0.00054931640625,True
9,352,0.11395889997947961,0.04620361328125,0.00016170000890269876,0.00035858154296875,False,0.0004749999789055437,0.000579833984375,True
10,724,0.6384572999959346,0.10028839111328125,0.000387699983548373,0.0003662109375,False,0.0025357000122312456,0.0006256103515625,True
11,2680,3.774728899996262,0.3906707763671875,0.000315099983708933,0.00037384033203125,False,0.0028332999791018665,0.00063323974609375,True
12,14200,24.924797100014985,2.1748275756835938,0.00034959998447448015,0.0003814697265625,False,0.0010111000156030059,0.000640869140625,True
