N,Num Solucoes BT,Tempo BT (s),Mem BT (MB),Tempo Guloso Simples (s),Mem Guloso Simples (MB),Guloso Simples Valido,Tempo Guloso Restart (s),Mem Guloso Restart (MB),Guloso Restart Valido
4,2,0.0004489000129979104,0.00055694580078125,3.819999983534217e-05,0.0003204345703125,False,8.070000330917537e-05,0.000518798828125,True
5,10,0.00024720001965761185,0.001434326171875,3.9099977584555745e-05,0.00032806396484375,True,5.9600017266348004e-05,0.0004730224609375,True
6,4,0.001437900005839765,0.00086212158203125,4.789998638443649e-05,0.000335693359375,False,7.300000288523734e-05,0.00048065185546875,True
7,40,0.004220699978759512,0.0050506591796875,8.239998714998364e-05,0.00034332275390625,False,0.00042799999937415123,0.00054168701171875,True
8,92,0.026509899995289743,0.01174163818359375,0.00010210002074018121,0.0003509521484375,False,0.0005179999861866236,0.00054931640625,True
9,352,0.12046599999302998,0.04620361328125,0.00012650000280700624,0.00035858154296875,False,0.0007809000089764595,0.000579833984375,True
10,724,0.7882212000258733,0.10028839111328125,0.0003656000189948827,0.0003662109375,False,0.003723100002389401,0.0006256103515625,True
11,2680,4.287304600002244,0.3906707763671875,0.000299000006634742,0.00037384033203125,False,0.002952400012873113,0.00063323974609375,True
12,14200,32.685706599993864,2.1748275756835938,0.00035459999344311655,0.0003814697265625,False,0.0029574999934993684,0.000640869140625,True
