Qtd. Números,Crescente (s),Decrescente (s),Aleatório (s)
1250,0.001703,0.040227,0.020708
2500,0.003633,0.132195,0.086333
5000,0.005930,0.536131,0.302409
10000,0.013916,2.128520,1.055711
20000,0.031136,8.450184,4.551232
40000,0.065761,34.967506,18.546798