Qtd. Números,Crescente (s),Decrescente (s),Aleatório (s)
1250,0.000377,0.065158,0.028852
2500,0.000816,0.212114,0.111882
5000,0.001505,0.839176,0.455290
10000,0.001735,3.426925,1.719125
20000,0.002587,13.790983,6.982652
40000,0.005877,56.202691,29.959574